{"avar1256": [41.7047, 46.558], "erzy1239": [52.8548, 45.3901], "esto1258": [58.55, 25.82], "finn1318": [64.7628, 25.5577], "hung1274": [46.9068585714, 19.6555271429], "khan1273": [62.4308, 66.1218], "komi1268": [64.0527, 54.946], "nort2671": [68.725, 22.1113], "mans1258": [64.4118, 61.344], "east2328": [55.8307, 48.405], "nene1249": [66.1775, 71.0234], "selk1253": [59.9409, 82.3004], "udmu1245": [56.12921, 52.63548], "bezh1248": [42.1206, 46.0332], "dido1241": [42.2646, 45.8096], "darg1241": [42.4257, 47.4388], "lezg1247": [41.5157, 47.8951], "nort2697": [40.9777, 46.4737], "anci1242": [39.8155, 21.9129], "mode1248": [38.36, 23.13], "lati1261": [41.9026, 12.4502], "ital1282": [43.0464, 12.6489], "stan1290": [48.0, 2.0], "enap1235": [6.95035, -65.8483], "macu1259": [4.31861, -60.2209], "waiw1244": [1.50881, -59.1417], "stan1288": [40.4414, -1.11788], "stan1289": [41.453, 1.569], "port1283": [39.91, -8.1], "iris1253": [53.2186, -7.61509], "wels1247": [52.0, -4.0], "bret1244": [48.2452, -3.78934], "dani1285": [54.8655, 9.36284], "swed1254": [59.800634, 17.389526], "olde1238": [51.06, -1.31], "midd1317": [51.65, -1.11], "stan1293": [53.0, -1.0], "dutc1256": [52.0, 5.0], "oldh1241": [52.0, 10.0], "midd1343": [48.254, 10.599], "stan1295": [48.649, 12.4676], "east2295": [51.75, 19.42], "lith1251": [55.1429, 23.9601], "latv1249": [56.826108, 24.309118], "prus1238": [52.394, 14.757], "bulg1262": [43.3646, 25.047], "czec1258": [49.873398, 15.10437], "poli1260": [51.8439, 18.6255], "russ1263": [59.0, 50.0], "tosk1239": [41.0, 20.0], "nucl1235": [40.0, 45.0], "sans1269": [20.0, 77.0], "vlax1238": [46.09, 18.16], "west2369": [32.9, 53.3], "jama1262": [18.13, -77.2612], "basq1248": [43.2787, -1.31622], "haus1257": [11.1513, 8.7804], "polc1243": [10.0258, 9.53362], "high1278": [20.1554, -97.5556], "zaca1242": [16.08, -97.3069], "karo1304": [41.8228, -123.315], "seri1257": [28.9877, -112.384], "zuni1245": [35.0056, -108.782], "nort2938": [54.004532, -132.079257], "nucl1649": [52.59103, -128.544545], "uppe1439": [46.7981, -123.169], "hawa1245": [19.6297, -155.43], "maor1246": [-38.2881, 176.541], "sout2866": [-9.75663, -138.979], "rapa1244": [-27.113, -109.342], "rotu1241": [-12.5008, 177.066], "tong1325": [-21.17, -175.25], "bari1297": [9.08497, -72.9353], "chib1270": [6.24999, -74.1666], "chac1249": [0.71489, -79.0508], "colo1256": [-0.21181, -79.2347], "nort2972": [7.12761, -77.574], "puin1248": [3.92974, -67.6886], "pume1238": [7.10677, -67.5996], "yano1262": [2.48999, -62.8522], "cofa1242": [0.276675, -77.0643], "waor1240": [-1.12312, -76.683], "agua1253": [-5.30044, -77.9218], "yagu1244": [-3.42913, -72.2186], "wayu1243": [11.395566, -72.199791], "mash1270": [-11.4745, -70.7953], "trin1274": [-15.3331, -65.4096], "wapi1253": [2.58744, -59.8021], "yavi1244": [2.924844, -67.438886], "cent2142": [-17.0, -68.5], "chip1262": [-18.73951, -67.89633], "mose1249": [-14.64448, -67.83756], "arao1248": [-12.4242, -67.7293], "cavi1250": [-13.3544, -66.6277], "esee1248": [-11.7268, -67.515], "taca1256": [-13.39249, -68.04056], "cash1251": [-8.70232, -75.4206], "pano1254": [-7.97456, -71.56151], "chac1251": [-12.133, -66.7164], "ship1254": [-7.17105, -74.8219], "yami1256": [-9.8846, -71.5964], "cayu1262": [-13.2482, -65.4822], "iton1250": [-12.80431, -64.35748], "movi1243": [-13.8115, -65.6348], "mund1330": [-8.41095, -57.691], "ache1246": [-25.5865, -56.4697], "east2555": [-20.42, -63.37], "para1311": [-25.60551, -57.08816], "siri1273": [-15.5298, -63.9688], "waya1270": [1.73817, -52.6887], "kain1272": [-27.7671, -52.5394], "ayor1240": [-19.220055, -60.217495], "sana1281": [-22.11454, -58.90698], "leng1262": [-22.6559, -58.9053], "moco1246": [-28.097, -60.4145], "pila1245": [-25.0058, -60.1537], "iyoj1235": [-22.1896, -63.2383], "maca1260": [-25.0119, -57.3694], "wich1264": [-23.1633, -62.1757], "niva1238": [-22.8557, -61.7606], "kunz1244": [-23.0, -69.0], "mapu1245": [-38.7392, -71.277], "tehu1242": [-47.5796, -68.3235], "onaa1245": [-54.0, -68.5], "qawa1238": [-49.303195, -74.707536], "toba1269": [-23.77, -61.96], "yama1264": [-55.2748, -68.2648], "andi1255": [42.8078, 46.2919], "chec1245": [43.5, 45.5], "ghul1238": [11.6432, 29.8122], "osse1243": [42.98, 44.61], "khva1239": [42.2743, 45.9977], "akhv1239": [42.4003, 46.3037], "bagv1239": [42.3966, 46.1041], "botl1242": [42.665, 46.22], "ghod1238": [42.7428, 46.2252], "kara1474": [42.6501, 46.3151], "thai1261": [14.192, 100.671], "sout2746": [6.85668, 99.7031], "nort2740": [18.857495, 100.20739], "tain1252": [21.7837, 99.722], "nort1545": [26.7238, 106.682], "luuu1242": [21.0321, 101.282], "khun1259": [19.6062, 99.3363], "shan1277": [21.5995, 98.0342], "guib1244": [24.3, 106.2], "nung1283": [20.8965, 104.286], "zuoj1238": [22.4, 106.9], "suii1243": [24.0488, 106.563], "maon1241": [25.0169, 108.024], "mula1253": [24.8151, 108.928], "chad1240": [25.23532, 109.96041], "sout2741": [25.8874, 109.222], "hinu1240": [42.4502, 45.8064], "lakk1238": [24.1169, 110.106], "hlai1239": [18.8062, 109.459], "emab1235": [23.604572, 106.030277], "lang1316": [23.550258, 106.016896], "gree1278": [22.5632, 104.698], "tind1238": [42.3316, 45.9227], "aghu1253": [41.9242, 47.5843], "cham1309": [42.5024, 45.995], "ingu1240": [43.11, 45.03], "kryt1240": [41.1811, 48.1846], "kumy1244": [43.0, 47.0], "hunz1247": [42.0808, 46.1369], "lakk1252": [42.1328, 47.0809], "rutu1240": [41.6187, 47.3244], "tsak1249": [41.5916, 46.8858], "bats1242": [42.1806, 45.344], "arch1244": [42.3239, 46.8267], "budu1248": [41.2272, 48.3353], "taba1259": [42.0198, 47.8379], "khin1240": [41.1801, 48.0571], "beng1280": [24.0, 90.0], "hind1269": [25.0, 77.0], "mara1378": [17.9344, 76.6665], "east1436": [27.5947033333, 87.6200833333], "west2386": [30.0948, 75.3474], "tami1289": [10.520219, 78.825989], "telu1262": [16.4529, 78.7024], "tibe1272": [28.3681, 90.1872], "noga1249": [43.5917, 46.6618], "jude1256": [42.068306, 48.264749], "udii1243": [40.9, 47.7236], "roma1327": [46.3913, 24.2256], "oldi1245": [53.0, -8.0], "oldn1244": [63.42, 10.38], "chur1257": [43.7171, 22.8442], "hitt1242": [40.0, 35.0], "tokh1243": [41.65, 82.9], "aves1237": [31.541, 53.633], "elam1244": [31.1833, 48.2333], "tlin1245": [59.4447, -135.29], "noot1239": [49.6212, -126.086], "paez1247": [2.61516, -76.31254], "epen1239": [4.25877, -77.3566], "yuwa1244": [5.63879, -65.4267], "nina1238": [4.03894, -62.7801], "sion1247": [0.31733, -76.0237], "tuyu1244": [0.39441, -70.043515], "baur1253": [-13.61, -63.68], "igna1246": [-15.1188, -65.3993], "waur1244": [-13.296, -53.6971], "paca1246": [-11.9968, -65.5568], "wari1268": [-10.69948, -64.56152], "cane1242": [-6.10712, -45.1299], "kara1500": [-11.1881, -50.3492], "trum1247": [-11.8119, -53.5717], "puel1244": [-42.223, -68.666], "qaua1234": [26.155438, 106.16455], "maqu1238": [4.70705, -64.3877], "tuam1242": [-16.17259, -146.321755], "maha1287": [31.0088, 77.5317], "goth1244": [46.9304, 29.9786], "tokh1242": [42.98, 89.18], "nege1244": [18.3416, -64.8922], "bell1243": [52.3448, -126.689]}